set_num,theme_id
10018-1,158
11912-1,158
2853835-1,158
30058-1,158
30059-1,158
30246-1,158
30247-1,158
30276-1,158
30602-1,158
30611-1,158
4481-1,158
4547551-1,158
5000067-1,158
5001137-1,158
5001308-1,158
5001309-1,158
5001621-1,158
5002123-1,158
5002938-1,158
5002947-1,158
65081-1,18
66395-1,158
66411-1,158
66431-1,158
66432-1,158
66449-1,158
7194-1,158
75001-1,158
75007-1,158
75023-1,209
75023-10,225
75023-11,225
75023-12,225
75023-13,225
75023-14,225
75023-15,225
75023-16,225
75023-17,225
75023-18,225
75023-19,225
75023-2,225
75023-20,225
75023-21,225
75023-22,225
75023-23,225
75023-24,225
75023-25,225
75023-3,225
75023-4,225
75023-5,225
75023-6,225
75023-7,225
75023-8,225
75023-9,225
75029-1,158
75034-1,158
75035-1,158
75036-1,158
75037-1,158
75038-1,158
75039-1,158
75040-1,158
75041-1,158
75042-1,158
75043-1,158
75044-1,158
75045-1,158
75046-1,158
75049-1,158
75050-1,158
75051-1,158
75055-1,158
75056-1,209
75056-10,225
75056-11,225
75056-12,225
75056-13,225
75056-14,225
75056-15,225
75056-16,225
75056-17,225
75056-18,225
75056-19,225
75056-2,225
75056-20,225
75056-21,225
75056-22,225
75056-23,225
75056-24,225
75056-25,225
75056-3,225
75056-4,225
75056-5,225
75056-6,225
75056-7,225
75056-8,225
75056-9,225
75094-1,158
75095-1,158
75097-1,225
75099-1,158
75100-1,158
75101-1,158
75102-1,158
75103-1,158
75104-1,158
75105-1,158
75107-1,158
75108-1,158
75109-1,158
75110-1,158
75111-1,158
75112-1,158
75133-1,158
75134-1,158
75144-1,158
75146-1,209
75159-1,158
75160,158
75162-1,158
75167-1,158
75174-1,158
75175-1,158
75178-1,158
75185-1,158
75186-1,158
75523-1,158
75524-1,158
75525-1,158
75531-1,158
7958-1,209
7958-10,225
7958-11,225
7958-12,225
7958-13,225
7958-14,225
7958-15,225
7958-16,225
7958-17,225
7958-18,225
7958-19,225
7958-2,225
7958-20,225
7958-21,225
7958-22,225
7958-23,225
7958-24,225
7958-25,225
7958-3,225
7958-4,225
7958-5,225
7958-6,225
7958-7,225
7958-8,225
7958-9,225
8000-1,158
8001-1,158
8002-1,158
8007-1,158
8008-1,158
8009-1,158
8010-1,158
8011-1,158
8012-1,158
911611-1,158
911614-1,158
911615-1,158
911618-1,158
9497-1,158
9509-1,209
9509-10,225
9509-11,225
9509-12,225
9509-13,225
9509-14,225
9509-15,225
9509-16,225
9509-17,225
9509-18,225
9509-19,225
9509-2,225
9509-20,225
9509-21,225
9509-22,225
9509-23,225
9509-24,225
9509-25,225
9509-3,225
9509-4,225
9509-5,225
9509-6,225
9509-7,225
9509-8,225
9509-9,225
9748-1,261
9754-1,261
celeb2015-1,158
comcon015-1,158
comcon019-1,158
comcon032-1,158
K8008-1,18
MAY2013-1,158
SDCC2015-2,158
SW911511-1,158
SW911607-1,158
SW911610-1,158
SW911616-1,158
SW911617-1,158
SW911722-1,158
TRUFALCON-1,158
TRUXWING-2,158
